stat	train	dev	test
count	2902.0	362.0	363.0
mean	21.368366643694003	20.776243093922652	21.165289256198346
std	17.344942311949534	16.151025086084267	17.16640064699079
min	2.0	2.0	2.0
25%	10.0	10.0	9.0
50%	17.0	17.0	16.0
75%	27.0	26.75	27.0
max	193.0	115.0	94.0
